Workbook

Sheet Personal
A1: RUT | B1: Nombres | C1: Profesión | D1: Hrs contratos | E1: Hrs programadas | F1: Delta | G1: Observaciones | H1: Dias Laborales
A2: 123456 | B2: Orlando Flores | C2: Médico(a) Cirujano(a) | D2: 22 | E2: =OF!F4 -> 22 | F2: =D2-E2 -> 0 | H2: 200
A3: 678910 | B3: Juana Hernandez | C3: Médico(a) Cirujano(a) | D3: 33 | E3: =JH!F4 -> 22 | F3: =D3-E3 -> 11 | H3: 200
A4: 321654 | B4: Vicente Rojas | C4: Médico(a) Cirujano(a) | D4: 22 | E4: =VR!F4 -> 22 | F4: =D4-E4 -> 0 | H4: 200
A5: 987321 | B5: Enrique González | C5: Médico(a) Cirujano(a) | D5: 22 | E5: =EG!F4 -> 22 | F5: =D5-E5 -> 0 | H5: 200
A6: 951843 | B6: Victor Jara | C6: Médico(a) Cirujano(a) | D6: 22 | E6: =VJ!F4 -> 33 | F6: =D6-E6 -> -11 | H6: 200
A7: 357681 | B7: José Galleguillos | C7: Médico(a) Cirujano(a) | D7: 22 | E7: =JG!F4 -> 22 | F7: =D7-E7 -> 0 | H7: 200
A8: 852963 | B8: Mariana Gil | C8: Médico(a) Cirujano(a) | D8: 22 | E8: =MG!F4 -> 22 | F8: =D8-E8 -> 0 | H8: 200
A9: 147258 | B9: Luis Reyes | C9: Médico(a) Cirujano(a) | D9: 22 | E9: =LR!F4 -> 22 | F9: =D9-E9 -> 0 | H9: 200
A10: 369874 | B10: Daniela Ruiz | C10: Médico(a) Cirujano(a) | D10: 22 | E10: =VR!F4 -> 22 | F10: =D10-E10 -> 0 | H10: 200

Sheet PM ACTIVIDAD
A1: ACTIVIDAD HCUCH | B1: ID ACTIVIDAD | C1: TIPO ACTIVIDAD
A2: Consulta nueva | B2: 1 | C2: CONSULTA
A3: Consulta nueva+docencia | B3: 2 | C3: CONSULTA
A4: Consulta control | B4: 3 | C4: CONSULTA
A5: Consulta control docencia | B5: 4 | C5: CONSULTA
A6: Telemedicina: Teleconsulta Nueva | B6: 5 | C6: TELEMEDICINA
A7: Contacto telefónico: Consulta Control | B7: 6 | C7: TELEMEDICINA
A8: Endoscopía digestiva | B8: 9 | C8: PROCEDIMIENTO
A9: Colonoscopía | B9: 8 | C9: PROCEDIMIENTO
A10: Elastografia hepatica (informe fibroscan) | B10: 21 | C10: PROCEDIMIENTO
A11: Gastroduodenoscopía (incluye esofagoscopía) | B11: 20 | C11: PROCEDIMIENTO
A12: Procedimientos especialidad | B12: 11 | C12: PROCEDIMIENTO
A13: Otros procedimientos médicos | B13: 10 | C13: PROCEDIMIENTO
... A21: Colación | B21: 17 | C21: ACTIVIDADES NO CLÍNICAS

Sheet Prestaciones
A1: Especialidad | B1: Actividad Minsal | C1: ID ACT | D1: Nombre Prestación o Actividad | E1: ID PREST | F1: Rendimiento | G1: Observación
A2: Gastroenterología adulto [GA] | B2: Consulta nueva | C2: =VLOOKUP(B2,'PM ACTIVIDAD'!A:B,2,FALSE) -> 1 | D2: =RIGHT(A2,4)&" "&B2 -> [GA] Consulta nueva | E2: 1 | F2: 3
A3: Gastroenterología adulto [GA] | B3: Consulta nueva+docencia | C3: =VLOOKUP(B3,'PM ACTIVIDAD'!A:B,2,FALSE) -> 2 | D3: =RIGHT(A3,4)&" "&B3 -> [GA] Consulta nueva+docencia | E3: 2 | F3: 3
A4: Gastroenterología adulto [GA] | B4: Consulta control | C4: =VLOOKUP(B4,'PM ACTIVIDAD'!A:B,2,FALSE) -> 3 | D4: =RIGHT(A4,4)&" "&B4 -> [GA] Consulta control | E4: 3 | F4: 4
A5: Gastroenterología adulto [GA] | B5: Consulta control docencia | C5: =VLOOKUP(B5,'PM ACTIVIDAD'!A:B,2,FALSE) -> 4 | D5: =RIGHT(A5,4)&" "&B5 -> [GA] Consulta control docencia | E5: 4 | F5: 2
A6: Gastroenterología adulto [GA] | B6: Telemedicina: Teleconsulta Nueva | C6: =VLOOKUP(B6,'PM ACTIVIDAD'!A:B,2,FALSE) -> 5 | D6: =RIGHT(A6,4)&" "&B6 -> [GA] Telemedicina: Teleconsulta Nueva | E6: 5 | F6: 1
A7: Gastroenterología adulto [GA] | B7: Contacto telefónico: Consulta Control | C7: =VLOOKUP(B7,'PM ACTIVIDAD'!A:B,2,FALSE) -> 6 | D7: =RIGHT(A7,4)&" "&B7 -> [GA] Contacto telefónico: Consulta Control | E7: 6 | F7: 3
A8: Gastroenterología adulto [GA] | B8: Endoscopía digestiva | C8: =VLOOKUP(B8,'PM ACTIVIDAD'!A:B,2,FALSE) -> 9 | D8: =RIGHT(A8,4)&" "&B8 -> [GA] Endoscopía digestiva | E8: 7 | F8: 2
A9: Gastroenterología adulto [GA] | B9: Colonoscopía | C9: =VLOOKUP(B9,'PM ACTIVIDAD'!A:B,2,FALSE) -> 8 | D9: =RIGHT(A9,4)&" "&B9 -> [GA] Colonoscopía | E9: 8 | F9: =60/40 -> 1.5
A10: Gastroenterología adulto [GA] | B10: Elastografia hepatica (informe fibroscan) | C10: =VLOOKUP(B10,'PM ACTIVIDAD'!A:B,2,FALSE) -> 21 | D10: =RIGHT(A10,4)&" "&B10 -> [GA] Elastografia hepatica (informe fibroscan) | E10: 9
A11: Gastroenterología adulto [GA] | B11: Gastroduodenoscopía (incluye esofagoscopía) | C11: =VLOOKUP(B11,'PM ACTIVIDAD'!A:B,2,FALSE) -> 20 | D11: =RIGHT(A11,4)&" "&B11 -> [GA] Gastroduodenoscopía (incluye esofagoscopía) | E11: 10 | F11: 1
A12: Gastroenterología adulto [GA] | B12: Procedimientos especialidad | C12: =VLOOKUP(B12,'PM ACTIVIDAD'!A:B,2,FALSE) -> 11 | D12: =RIGHT(A12,4)&" "&B12 -> [GA] Procedimientos especialidad | E12: 11 | F12: 1
A13: Gastroenterología adulto [GA] | B13: Otros procedimientos médicos | C13: =VLOOKUP(B13,'PM ACTIVIDAD'!A:B,2,FALSE) -> 10 | D13: =RIGHT(A13,4)&" "&B13 -> [GA] Otros procedimientos médicos | E13: 12
A14: Gastroenterología adulto [GA] | B14: Comité Clínico | C14: =VLOOKUP(B14,'PM ACTIVIDAD'!A:B,2,FALSE) -> 7 | D14: =RIGHT(A14,4)&" "&B14 -> [GA] Comité Clínico | E14: 13
A15: Gastroenterología adulto [GA] | B15: Interconsulta en sala presencial | C15: =VLOOKUP(B15,'PM ACTIVIDAD'!A:B,2,FALSE) -> 12 | D15: =RIGHT(A15,4)&" "&B15 -> [GA] Interconsulta en sala presencial | E15: 14 | F15: 3
A16: Gastroenterología adulto [GA] | B16: Otras Actividades Clínicas | C16: =VLOOKUP(B16,'PM ACTIVIDAD'!A:B,2,FALSE) -> 13 | D16: =RIGHT(A16,4)&" "&B16 -> [GA] Otras Actividades Clínicas | E16: 15
A17: Gastroenterología adulto [GA] | B17: Reunión Clínica | C17: =VLOOKUP(B17,'PM ACTIVIDAD'!A:B,2,FALSE) -> 14 | D17: =RIGHT(A17,4)&" "&B17 -> [GA] Reunión Clínica | E17: 16
A18: Gastroenterología adulto [GA] | B18: Visita a sala Hospitalizado | C18: =VLOOKUP(B18,'PM ACTIVIDAD'!A:B,2,FALSE) -> 15 | D18: =RIGHT(A18,4)&" "&B18 -> [GA] Visita a sala Hospitalizado | E18: 17
A19: Gastroenterología adulto [GA] | B19: Docencia e Investigación | C19: =VLOOKUP(B19,'PM ACTIVIDAD'!A:B,2,FALSE) -> 18 | D19: =RIGHT(A19,4)&" "&B19 -> [GA] Docencia e Investigación | E19: 18
A20: Medicina interna [MI] | B20: Consulta nueva | C20: =VLOOKUP(B20,'PM ACTIVIDAD'!A:B,2,FALSE) -> 1 | D20: =RIGHT(A20,4)&" "&B20 -> [MI] Consulta nueva | E20: 19
A21: Medicina interna [MI] | B21: Consulta nueva+docencia | C21: =VLOOKUP(B21,'PM ACTIVIDAD'!A:B,2,FALSE) -> 2 | D21: =RIGHT(A21,4)&" "&B21 -> [MI] Consulta nueva+docencia | E21: 20
A22: Medicina interna [MI] | B22: Consulta control | C22: =VLOOKUP(B22,'PM ACTIVIDAD'!A:B,2,FALSE) -> 3 | D22: =RIGHT(A22,4)&" "&B22 -> [MI] Consulta control | E22: 21
A23: Medicina interna [MI] | B23: Consulta control docencia | C23: =VLOOKUP(B23,'PM ACTIVIDAD'!A:B,2,FALSE) -> 4 | D23: =RIGHT(A23,4)&" "&B23 -> [MI] Consulta control docencia | E23: 22
A24: Sin especialidad | B24: Gestión Organizacional (Administrativo/ Jefatura) | C24: =VLOOKUP(B24,'PM ACTIVIDAD'!A:B,2,FALSE) -> 16 | D24: =B24 -> Gestión Organizacional (Administrativo/ Jefatura) | E24: 23
A25: Sin especialidad | B25: Colación | C25: =VLOOKUP(B25,'PM ACTIVIDAD'!A:B,2,FALSE) -> 17 | D25: =B25 -> Colación | E25: 24

Sheet PM_PROGMEDICA

Sheet Ficha Programación
B1: Ficha de Programación
B3: Nombre: | C3: PONIACHIK TELLER, JAIME MELCHOR | E3: Hrs contratadas: | F3: =SUMIF(Personal!A:A,'Ficha Programación'!C4,Personal!D:D) -> 0
B4: RUT: | C4: =SUMIF(Personal!B:B,'Ficha Programación'!C3,Personal!A:A) -> 0 | E4: Hrs programadas: | F4: =COUNTA(D8:H33)*0.5 -> 0
B5: Profesión: | C5: =IFERROR(VLOOKUP(C4,Personal!A:C,3,FALSE),"-") -> -
B7: Inicio | C7: Término | D7: Lunes | E7: Martes | F7: Miércoles | G7: Jueves | H7: Viernes
B8: 0.29166667 | C8: 0.3125
B9: 0.3125 | C9: 0.33333333
B10: 0.33333333 | C10: 0.35416667
B11: 0.35416667 | C11: 0.375
B12: 0.375 | C12: 0.39583333
B13: 0.39583333 | C13: 0.41666667
B14: 0.41666667 | C14: 0.4375
B15: 0.4375 | C15: 0.45833333
B16: 0.45833333 | C16: 0.47916667
B17: 0.47916667 | C17: 0.5
B18: 0.5 | C18: 0.52083333
B19: 0.52083333 | C19: 0.54166667
... B33: 0.8125 | C33: 0.83333333

Sheet OF
B1: Ficha de Programación
B3: Nombre: | C3: Orlando Flores | E3: Hrs contratadas: | F3: =SUMIF(Personal!A:A,OF!C4,Personal!D:D) -> 22
B4: RUT: | C4: =SUMIF(Personal!B:B,OF!C3,Personal!A:A) -> 123456 | E4: Hrs programadas: | F4: =COUNTA(D8:H33)*0.5 -> 22
B5: Profesión: | C5: =IFERROR(VLOOKUP(C4,Personal!A:C,3,FALSE),"-") -> Médico(a) Cirujano(a) | E5: Observación: | F5: Comisión de Servicio
B7: Inicio | C7: Término | D7: Lunes | E7: Martes | F7: Miércoles | G7: Jueves | H7: Viernes
B8: 0.29166667 | C8: 0.3125
B9: 0.3125 | C9: 0.33333333
B10: 0.33333333 | C10: 0.35416667 | D10: [GA] Consulta nueva | E10: [GA] Otras Actividades Clínicas | G10: [GA] Otras Actividades Clínicas
B11: 0.35416667 | C11: 0.375 | D11: [GA] Consulta nueva | E11: [GA] Otras Actividades Clínicas | G11: [GA] Otras Actividades Clínicas
B12: 0.375 | C12: 0.39583333 | D12: [GA] Consulta nueva | E12: [GA] Procedimientos especialidad | G12: [GA] Procedimientos especialidad
B13: 0.39583333 | C13: 0.41666667 | D13: [GA] Consulta nueva | E13: [GA] Procedimientos especialidad | G13: [GA] Procedimientos especialidad
B14: 0.41666667 | C14: 0.4375 | D14: [GA] Otras Actividades Clínicas | E14: [GA] Procedimientos especialidad | G14: [GA] Procedimientos especialidad
B15: 0.4375 | C15: 0.45833333 | D15: [GA] Otras Actividades Clínicas | E15: [GA] Procedimientos especialidad | G15: [GA] Procedimientos especialidad
B16: 0.45833333 | C16: 0.47916667 | D16: [GA] Otras Actividades Clínicas | E16: [GA] Procedimientos especialidad | G16: [GA] Procedimientos especialidad
B17: 0.47916667 | C17: 0.5 | D17: [GA] Otras Actividades Clínicas | E17: [GA] Procedimientos especialidad | G17: [GA] Otras Actividades Clínicas
B18: 0.5 | C18: 0.52083333 | D18: [GA] Otras Actividades Clínicas | E18: [GA] Otras Actividades Clínicas | G18: [GA] Otras Actividades Clínicas
B19: 0.52083333 | C19: 0.54166667 | D19: [GA] Otras Actividades Clínicas | E19: [GA] Otras Actividades Clínicas | G19: [GA] Otras Actividades Clínicas
B20: 0.54166667 | C20: 0.5625 | D20: [GA] Otras Actividades Clínicas | E20: [GA] Otras Actividades Clínicas | G20: [GA] Otras Actividades Clínicas
B21: 0.5625 | C21: 0.58333333 | D21: [GA] Otras Actividades Clínicas | E21: [GA] Otras Actividades Clínicas | G21: [GA] Otras Actividades Clínicas
B22: 0.58333333 | C22: 0.60416667 | D22: [GA] Colonoscopía | G22: [GA] Procedimientos especialidad
B23: 0.60416667 | C23: 0.625 | D23: [GA] Colonoscopía | G23: [GA] Procedimientos especialidad
B24: 0.625 | C24: 0.64583333 | D24: [GA] Endoscopía digestiva | G24: [GA] Procedimientos especialidad
B25: 0.64583333 | C25: 0.66666667 | D25: [GA] Endoscopía digestiva | G25: [GA] Procedimientos especialidad
B26: 0.66666667 | C26: 0.6875
B27: 0.6875 | C27: 0.70833333
B28: 0.70833333 | C28: 0.72916667
B29: 0.72916667 | C29: 0.75
B30: 0.75 | C30: 0.77083333
B31: 0.77083333 | C31: 0.79166667
B32: 0.79166667 | C32: 0.8125
B33: 0.8125 | C33: 0.83333333

Sheet JH
B1: Ficha de Programación
B3: Nombre: | C3: Juana Hernandez | E3: Hrs contratadas: | F3: =SUMIF(Personal!A:A,JH!C4,Personal!D:D) -> 33
B4: RUT: | C4: =SUMIF(Personal!B:B,JH!C3,Personal!A:A) -> 678910 | E4: Hrs programadas: | F4: =COUNTA(D8:H33)*0.5 -> 22
B5: Profesión: | C5: =IFERROR(VLOOKUP(C4,Personal!A:C,3,FALSE),"-") -> Médico(a) Cirujano(a) | E5: Observación:
B7: Inicio | C7: Término | D7: Lunes | E7: Martes | F7: Miércoles | G7: Jueves | H7: Viernes
B8: 0.29166667 | C8: 0.3125
B9: 0.3125 | C9: 0.33333333
B10: 0.33333333 | C10: 0.35416667 | E10: [GA] Otras Actividades Clínicas | G10: [GA] Reunión Clínica
B11: 0.35416667 | C11: 0.375 | D11: [GA] Colonoscopía | E11: [GA] Otras Actividades Clínicas | G11: [GA] Reunión Clínica
B12: 0.375 | C12: 0.39583333 | D12: [GA] Colonoscopía | E12: [GA] Colonoscopía | G12: [GA] Otras Actividades Clínicas
B13: 0.39583333 | C13: 0.41666667 | D13: [GA] Colonoscopía | E13: [GA] Colonoscopía | G13: [GA] Consulta nueva
B14: 0.41666667 | C14: 0.4375 | D14: [GA] Colonoscopía | E14: [GA] Colonoscopía | G14: [GA] Consulta nueva
B15: 0.4375 | C15: 0.45833333 | D15: [GA] Colonoscopía | E15: [GA] Endoscopía digestiva | G15: [GA] Consulta nueva
B16: 0.45833333 | C16: 0.47916667 | D16: [GA] Endoscopía digestiva | E16: [GA] Endoscopía digestiva | G16: [GA] Consulta nueva
B17: 0.47916667 | C17: 0.5 | D17: [GA] Endoscopía digestiva | E17: [GA] Endoscopía digestiva | G17: [GA] Consulta nueva
B18: 0.5 | C18: 0.52083333 | D18: [GA] Otras Actividades Clínicas | E18: [GA] Endoscopía digestiva | G18: [GA] Consulta nueva
B19: 0.52083333 | C19: 0.54166667 | D19: [GA] Otras Actividades Clínicas | E19: [GA] Otras Actividades Clínicas
B20: 0.54166667 | C20: 0.5625
B21: 0.5625 | C21: 0.58333333 | D21: [GA] Otras Actividades Clínicas | E21: [GA] Otras Actividades Clínicas | G21: [GA] Reunión Clínica
B22: 0.58333333 | C22: 0.60416667 | D22: [GA] Otras Actividades Clínicas | E22: [GA] Consulta nueva | G22: [GA] Reunión Clínica
B23: 0.60416667 | C23: 0.625 | D23: [GA] Consulta nueva | E23: [GA] Consulta nueva
B24: 0.625 | C24: 0.64583333 | D24: [GA] Consulta nueva | E24: [GA] Consulta nueva
B25: 0.64583333 | C25: 0.66666667 | D25: [GA] Consulta nueva | E25: [GA] Consulta nueva
B26: 0.66666667 | C26: 0.6875 | D26: [GA] Consulta nueva
B27: 0.6875 | C27: 0.70833333 | D27: [GA] Consulta nueva
B28: 0.70833333 | C28: 0.72916667 | D28: [GA] Consulta nueva
B29: 0.72916667 | C29: 0.75 | D29: [GA] Consulta nueva
B30: 0.75 | C30: 0.77083333
B31: 0.77083333 | C31: 0.79166667
B32: 0.79166667 | C32: 0.8125
B33: 0.8125 | C33: 0.83333333

Sheet VR
B1: Ficha de Programación
B3: Nombre: | C3: Vicente Rojas | E3: Hrs contratadas: | F3: =SUMIF(Personal!A:A,VR!C4,Personal!D:D) -> 22
B4: RUT: | C4: =SUMIF(Personal!B:B,VR!C3,Personal!A:A) -> 321654 | E4: Hrs programadas: | F4: =COUNTA(D8:H33)*0.5 -> 22
B5: Profesión: | C5: =IFERROR(VLOOKUP(C4,Personal!A:C,3,FALSE),"-") -> Médico(a) Cirujano(a) | E5: Observación:
B7: Inicio | C7: Término | D7: Lunes | E7: Martes | F7: Miércoles | G7: Jueves | H7: Viernes
B8: 0.29166667 | C8: 0.3125
B9: 0.3125 | C9: 0.33333333
B10: 0.33333333 | C10: 0.35416667 | D10: [GA] Otras Actividades Clínicas | E10: [GA] Comité Clínico | F10: [GA] Consulta nueva
B11: 0.35416667 | C11: 0.375 | D11: [GA] Colonoscopía | E11: [GA] Comité Clínico | F11: [GA] Consulta nueva | H11: [GA] Comité Clínico
B12: 0.375 | C12: 0.39583333 | D12: [GA] Colonoscopía | E12: [GA] Comité Clínico | F12: [GA] Consulta nueva | H12: [GA] Comité Clínico
B13: 0.39583333 | C13: 0.41666667 | D13: [GA] Colonoscopía | E13: [GA] Comité Clínico | F13: [GA] Consulta nueva | G13: [GA] Consulta nueva | H13: [GA] Comité Clínico
B14: 0.41666667 | C14: 0.4375 | D14: [GA] Colonoscopía | F14: [GA] Consulta nueva | G14: [GA] Consulta nueva | H14: [GA] Comité Clínico
B15: 0.4375 | C15: 0.45833333 | D15: [GA] Endoscopía digestiva | F15: [GA] Consulta nueva | G15: [GA] Consulta nueva
B16: 0.45833333 | C16: 0.47916667 | D16: [GA] Endoscopía digestiva | F16: [GA] Consulta nueva | G16: [GA] Consulta nueva
B17: 0.47916667 | C17: 0.5 | D17: [GA] Endoscopía digestiva | F17: [GA] Consulta nueva | G17: [GA] Consulta nueva
B18: 0.5 | C18: 0.52083333 | D18: [GA] Endoscopía digestiva
B19: 0.52083333 | C19: 0.54166667 | D19: [GA] Otras Actividades Clínicas
B20: 0.54166667 | C20: 0.5625
B21: 0.5625 | C21: 0.58333333 | D21: [GA] Otras Actividades Clínicas
B22: 0.58333333 | C22: 0.60416667 | D22: [GA] Consulta nueva | E22: [GA] Consulta nueva
B23: 0.60416667 | C23: 0.625 | D23: [GA] Consulta nueva | E23: [GA] Consulta nueva
B24: 0.625 | C24: 0.64583333 | D24: [GA] Consulta nueva | E24: [GA] Consulta nueva
B25: 0.64583333 | C25: 0.66666667 | D25: [GA] Consulta nueva | E25: [GA] Consulta nueva
B26: 0.66666667 | C26: 0.6875 | D26: [GA] Consulta nueva | E26: [GA] Consulta nueva
B27: 0.6875 | C27: 0.70833333 | D27: [GA] Otras Actividades Clínicas | E27: [GA] Consulta nueva
B28: 0.70833333 | C28: 0.72916667
B29: 0.72916667 | C29: 0.75
B30: 0.75 | C30: 0.77083333
B31: 0.77083333 | C31: 0.79166667
B32: 0.79166667 | C32: 0.8125
B33: 0.8125 | C33: 0.83333333

Sheet EG
B1: Ficha de Programación
B3: Nombre: | C3: Enrique González | E3: Hrs contratadas: | F3: =SUMIF(Personal!A:A,EG!C4,Personal!D:D) -> 22
B4: RUT: | C4: =SUMIF(Personal!B:B,EG!C3,Personal!A:A) -> 987321 | E4: Hrs programadas: | F4: =COUNTA(D8:H33)*0.5 -> 22
B5: Profesión: | C5: =IFERROR(VLOOKUP(C4,Personal!A:C,3,FALSE),"-") -> Médico(a) Cirujano(a) | E5: Observación:
B7: Inicio | C7: Término | D7: Lunes | E7: Martes | F7: Miércoles | G7: Jueves | H7: Viernes
B8: 0.29166667 | C8: 0.3125
B9: 0.3125 | C9: 0.33333333
B10: 0.33333333 | C10: 0.35416667 | E10: [GA] Otras Actividades Clínicas | G10: [GA] Otras Actividades Clínicas
B11: 0.35416667 | C11: 0.375 | E11: [GA] Otras Actividades Clínicas | G11: [GA] Otras Actividades Clínicas
B12: 0.375 | C12: 0.39583333 | E12: [GA] Otras Actividades Clínicas | G12: [GA] Otras Actividades Clínicas
B13: 0.39583333 | C13: 0.41666667 | E13: [GA] Consulta nueva | G13: [GA] Consulta control
B14: 0.41666667 | C14: 0.4375 | E14: [GA] Consulta nueva | G14: [GA] Consulta control
B15: 0.4375 | C15: 0.45833333 | E15: [GA] Consulta nueva | G15: [GA] Consulta nueva
B16: 0.45833333 | C16: 0.47916667 | E16: [GA] Consulta nueva | G16: [GA] Consulta nueva
B17: 0.47916667 | C17: 0.5 | E17: [GA] Consulta nueva | G17: [GA] Consulta nueva
B18: 0.5 | C18: 0.52083333 | E18: [GA] Otras Actividades Clínicas | G18: [GA] Otras Actividades Clínicas
B19: 0.52083333 | C19: 0.54166667 | E19: [GA] Otras Actividades Clínicas | G19: [GA] Comité Clínico
B20: 0.54166667 | C20: 0.5625 | E20: [GA] Otras Actividades Clínicas | G20: [GA] Comité Clínico
B21: 0.5625 | C21: 0.58333333 | E21: [GA] Otras Actividades Clínicas | G21: [GA] Comité Clínico
B22: 0.58333333 | C22: 0.60416667 | E22: [GA] Colonoscopía | G22: [GA] Consulta nueva | H22: [GA] Colonoscopía
B23: 0.60416667 | C23: 0.625 | E23: [GA] Colonoscopía | G23: [GA] Consulta nueva | H23: [GA] Colonoscopía
B24: 0.625 | C24: 0.64583333 | E24: [GA] Endoscopía digestiva | G24: [GA] Consulta nueva | H24: [GA] Endoscopía digestiva
B25: 0.64583333 | C25: 0.66666667 | E25: [GA] Endoscopía digestiva | G25: [GA] Consulta nueva | H25: [GA] Endoscopía digestiva
B26: 0.66666667 | C26: 0.6875 | E26: [GA] Otras Actividades Clínicas | G26: [GA] Consulta nueva
B27: 0.6875 | C27: 0.70833333 | E27: [GA] Otras Actividades Clínicas | G27: [GA] Consulta nueva
B28: 0.70833333 | C28: 0.72916667 | E28: [GA] Otras Actividades Clínicas | G28: [GA] Otras Actividades Clínicas
B29: 0.72916667 | C29: 0.75 | E29: [GA] Otras Actividades Clínicas | G29: [GA] Otras Actividades Clínicas
B30: 0.75 | C30: 0.77083333
B31: 0.77083333 | C31: 0.79166667
B32: 0.79166667 | C32: 0.8125
B33: 0.8125 | C33: 0.83333333

Sheet VJ
B1: Ficha de Programación
B3: Nombre: | C3: Victor Jara | E3: Hrs contratadas: | F3: =SUMIF(Personal!A:A,VJ!C4,Personal!D:D) -> 22
B4: RUT: | C4: =SUMIF(Personal!B:B,VJ!C3,Personal!A:A) -> 951843 | E4: Hrs programadas: | F4: =COUNTA(D8:H33)*0.5 -> 33
B5: Profesión: | C5: =IFERROR(VLOOKUP(C4,Personal!A:C,3,FALSE),"-") -> Médico(a) Cirujano(a) | E5: Observación:
B7: Inicio | C7: Término | D7: Lunes | E7: Martes | F7: Miércoles | G7: Jueves | H7: Viernes
B8: 0.29166667 | C8: 0.3125
B9: 0.3125 | C9: 0.33333333
B10: 0.33333333 | C10: 0.35416667 | E10: [GA] Comité Clínico | F10: [GA] Colonoscopía | G10: [GA] Reunión Clínica | H10: [GA] Otras Actividades Clínicas
B11: 0.35416667 | C11: 0.375 | E11: [GA] Comité Clínico | F11: [GA] Colonoscopía | G11: [GA] Reunión Clínica | H11: [GA] Otras Actividades Clínicas
B12: 0.375 | C12: 0.39583333 | E12: [GA] Comité Clínico | F12: [GA] Colonoscopía | G12: [GA] Colonoscopía | H12: [GA] Colonoscopía
B13: 0.39583333 | C13: 0.41666667 | E13: [GA] Consulta nueva | F13: [GA] Colonoscopía | G13: [GA] Colonoscopía | H13: [GA] Colonoscopía
B14: 0.41666667 | C14: 0.4375 | E14: [GA] Consulta nueva | F14: [GA] Colonoscopía | G14: [GA] Colonoscopía | H14: [GA] Colonoscopía
B15: 0.4375 | C15: 0.45833333 | E15: [GA] Consulta nueva | F15: [GA] Endoscopía digestiva | G15: [GA] Colonoscopía | H15: [GA] Colonoscopía
B16: 0.45833333 | C16: 0.47916667 | E16: [GA] Consulta nueva | F16: [GA] Endoscopía digestiva | G16: [GA] Colonoscopía | H16: [GA] Colonoscopía
B17: 0.47916667 | C17: 0.5 | E17: [GA] Consulta nueva | F17: [GA] Endoscopía digestiva | G17: [GA] Endoscopía digestiva | H17: [GA] Endoscopía digestiva
B18: 0.5 | C18: 0.52083333 | E18: [GA] Consulta nueva | F18: [GA] Endoscopía digestiva | G18: [GA] Endoscopía digestiva | H18: [GA] Endoscopía digestiva
B19: 0.52083333 | C19: 0.54166667 | E19: [GA] Consulta nueva | F19: [GA] Otras Actividades Clínicas | G19: Colación | H19: Colación
B20: 0.54166667 | C20: 0.5625 | E20: Colación | F20: Colación | G20: [GA] Reunión Clínica
B21: 0.5625 | C21: 0.58333333 | D21: [GA] Colonoscopía | E21: [GA] Otras Actividades Clínicas | G21: [GA] Reunión Clínica
B22: 0.58333333 | C22: 0.60416667 | D22: [GA] Colonoscopía | E22: [GA] Consulta nueva | G22: [GA] Consulta nueva
B23: 0.60416667 | C23: 0.625 | D23: [GA] Endoscopía digestiva | E23: [GA] Consulta nueva | G23: [GA] Consulta nueva
B24: 0.625 | C24: 0.64583333 | D24: [GA] Endoscopía digestiva | E24: [GA] Consulta nueva | G24: [GA] Consulta nueva
B25: 0.64583333 | C25: 0.66666667 | D25: [GA] Endoscopía digestiva | E25: [GA] Consulta nueva | G25: [GA] Consulta nueva
B26: 0.66666667 | C26: 0.6875 | D26: [GA] Otras Actividades Clínicas | E26: [GA] Otras Actividades Clínicas | G26: [GA] Otras Actividades Clínicas
B27: 0.6875 | C27: 0.70833333 | D27: [GA] Otras Actividades Clínicas | E27: [GA] Otras Actividades Clínicas | G27: [GA] Otras Actividades Clínicas
B28: 0.70833333 | C28: 0.72916667 | D28: [GA] Otras Actividades Clínicas | E28: [GA] Otras Actividades Clínicas
B29: 0.72916667 | C29: 0.75
B30: 0.75 | C30: 0.77083333
B31: 0.77083333 | C31: 0.79166667
B32: 0.79166667 | C32: 0.8125
B33: 0.8125 | C33: 0.83333333

Sheet JG
B1: Ficha de Programación
B3: Nombre: | C3: José Galleguillos | E3: Hrs contratadas: | F3: =SUMIF(Personal!A:A,JG!C4,Personal!D:D) -> 22
B4: RUT: | C4: =SUMIF(Personal!B:B,JG!C3,Personal!A:A) -> 357681 | E4: Hrs programadas: | F4: =COUNTA(D8:H33)*0.5 -> 22
B5: Profesión: | C5: =IFERROR(VLOOKUP(C4,Personal!A:C,3,FALSE),"-") -> Médico(a) Cirujano(a) | E5: Observación:
B7: Inicio | C7: Término | D7: Lunes | E7: Martes | F7: Miércoles | G7: Jueves | H7: Viernes
B8: 0.29166667 | C8: 0.3125
B9: 0.3125 | C9: 0.33333333
B10: 0.33333333 | C10: 0.35416667 | E10: [GA] Otras Actividades Clínicas | H10: [GA] Otras Actividades Clínicas
B11: 0.35416667 | C11: 0.375 | E11: [GA] Otras Actividades Clínicas | H11: [GA] Otras Actividades Clínicas
B12: 0.375 | C12: 0.39583333 | E12: [GA] Otras Actividades Clínicas | H12: [GA] Colonoscopía
B13: 0.39583333 | C13: 0.41666667 | E13: [GA] Otras Actividades Clínicas | H13: [GA] Colonoscopía
B14: 0.41666667 | C14: 0.4375 | E14: [GA] Otras Actividades Clínicas | H14: [GA] Colonoscopía
B15: 0.4375 | C15: 0.45833333 | E15: [GA] Otras Actividades Clínicas | H15: [GA] Colonoscopía
B16: 0.45833333 | C16: 0.47916667 | E16: [GA] Otras Actividades Clínicas | H16: [GA] Colonoscopía
B17: 0.47916667 | C17: 0.5 | E17: [GA] Otras Actividades Clínicas | H17: [GA] Colonoscopía
B18: 0.5 | C18: 0.52083333 | E18: [GA] Comité Clínico | H18: [GA] Colonoscopía
B19: 0.52083333 | C19: 0.54166667 | E19: [GA] Comité Clínico | H19: [GA] Otras Actividades Clínicas
B20: 0.54166667 | C20: 0.5625 | E20: [GA] Comité Clínico | H20: [GA] Endoscopía digestiva
B21: 0.5625 | C21: 0.58333333 | E21: [GA] Comité Clínico | H21: [GA] Endoscopía digestiva
B22: 0.58333333 | C22: 0.60416667 | E22: [GA] Consulta nueva | F22: [GA] Consulta nueva+docencia | H22: [GA] Endoscopía digestiva
B23: 0.60416667 | C23: 0.625 | E23: [GA] Otras Actividades Clínicas | F23: [GA] Consulta nueva+docencia | H23: [GA] Endoscopía digestiva
B24: 0.625 | C24: 0.64583333 | E24: [GA] Consulta nueva | F24: [GA] Consulta nueva+docencia | H24: [GA] Endoscopía digestiva
B25: 0.64583333 | C25: 0.66666667 | E25: [GA] Consulta nueva | F25: [GA] Consulta nueva+docencia | H25: [GA] Endoscopía digestiva
B26: 0.66666667 | C26: 0.6875 | E26: [GA] Consulta nueva | F26: [GA] Consulta nueva+docencia
B27: 0.6875 | C27: 0.70833333 | E27: [GA] Consulta nueva | F27: [GA] Consulta nueva
B28: 0.70833333 | C28: 0.72916667 | E28: [GA] Otras Actividades Clínicas | F28: [GA] Consulta nueva
B29: 0.72916667 | C29: 0.75 | E29: [GA] Otras Actividades Clínicas | F29: [GA] Consulta nueva
B30: 0.75 | C30: 0.77083333
B31: 0.77083333 | C31: 0.79166667
B32: 0.79166667 | C32: 0.8125
B33: 0.8125 | C33: 0.83333333

Sheet MG
B1: Ficha de Programación
B3: Nombre: | C3: Mariana Gil | E3: Hrs contratadas: | F3: =SUMIF(Personal!A:A,MG!C4,Personal!D:D) -> 22
B4: RUT: | C4: =SUMIF(Personal!B:B,MG!C3,Personal!A:A) -> 852963 | E4: Hrs programadas: | F4: =COUNTA(D8:H33)*0.5 -> 22
B5: Profesión: | C5: =IFERROR(VLOOKUP(C4,Personal!A:C,3,FALSE),"-") -> Médico(a) Cirujano(a) | E5: Observación:
B7: Inicio | C7: Término | D7: Lunes | E7: Martes | F7: Miércoles | G7: Jueves | H7: Viernes
B8: 0.29166667 | C8: 0.3125
B9: 0.3125 | C9: 0.33333333
B10: 0.33333333 | C10: 0.35416667
B11: 0.35416667 | C11: 0.375
B12: 0.375 | C12: 0.39583333 | D12: [GA] Procedimientos especialidad | E12: [GA] Otras Actividades Clínicas | F12: [GA] Colonoscopía | G12: [GA] Otras Actividades Clínicas
B13: 0.39583333 | C13: 0.41666667 | D13: [GA] Procedimientos especialidad | E13: [GA] Otras Actividades Clínicas | F13: [GA] Colonoscopía | G13: [GA] Consulta nueva
B14: 0.41666667 | C14: 0.4375 | D14: [GA] Procedimientos especialidad | E14: [GA] Otras Actividades Clínicas | F14: [GA] Colonoscopía | G14: [GA] Consulta nueva
B15: 0.4375 | C15: 0.45833333 | D15: [GA] Procedimientos especialidad | E15: [GA] Otras Actividades Clínicas | F15: [GA] Colonoscopía | G15: [GA] Consulta nueva
B16: 0.45833333 | C16: 0.47916667 | D16: [GA] Otras Actividades Clínicas | E16: [GA] Otras Actividades Clínicas | F16: [GA] Endoscopía digestiva | G16: [GA] Consulta nueva
B17: 0.47916667 | C17: 0.5 | D17: [GA] Otras Actividades Clínicas | E17: [GA] Otras Actividades Clínicas | F17: [GA] Endoscopía digestiva | G17: [GA] Otras Actividades Clínicas
B18: 0.5 | C18: 0.52083333 | D18: [GA] Otras Actividades Clínicas | E18: [GA] Otras Actividades Clínicas | F18: [GA] Otras Actividades Clínicas | G18: [GA] Reunión Clínica
B19: 0.52083333 | C19: 0.54166667 | D19: Colación | E19: Colación | F19: [GA] Otras Actividades Clínicas | G19: [GA] Reunión Clínica
B20: 0.54166667 | C20: 0.5625 | D20: [GA] Otras Actividades Clínicas | E20: [GA] Otras Actividades Clínicas
B21: 0.5625 | C21: 0.58333333 | D21: [GA] Otras Actividades Clínicas | E21: [GA] Otras Actividades Clínicas
B22: 0.58333333 | C22: 0.60416667 | D22: [GA] Procedimientos especialidad | E22: [GA] Procedimientos especialidad
B23: 0.60416667 | C23: 0.625 | D23: [GA] Procedimientos especialidad | E23: [GA] Procedimientos especialidad
B24: 0.625 | C24: 0.64583333 | D24: [GA] Procedimientos especialidad | E24: [GA] Procedimientos especialidad
B25: 0.64583333 | C25: 0.66666667 | D25: [GA] Procedimientos especialidad | E25: [GA] Procedimientos especialidad
B26: 0.66666667 | C26: 0.6875
B27: 0.6875 | C27: 0.70833333
B28: 0.70833333 | C28: 0.72916667
B29: 0.72916667 | C29: 0.75
B30: 0.75 | C30: 0.77083333
B31: 0.77083333 | C31: 0.79166667
B32: 0.79166667 | C32: 0.8125
B33: 0.8125 | C33: 0.83333333

Sheet LR
B1: Ficha de Programación
B3: Nombre: | C3: Luis Reyes | E3: Hrs contratadas: | F3: =SUMIF(Personal!A:A,LR!C4,Personal!D:D) -> 22
B4: RUT: | C4: =SUMIF(Personal!B:B,LR!C3,Personal!A:A) -> 147258 | E4: Hrs programadas: | F4: =COUNTA(D8:H33)*0.5 -> 22
B5: Profesión: | C5: =IFERROR(VLOOKUP(C4,Personal!A:C,3,FALSE),"-") -> Médico(a) Cirujano(a) | E5: Observación:
B7: Inicio | C7: Término | D7: Lunes | E7: Martes | F7: Miércoles | G7: Jueves | H7: Viernes
B8: 0.29166667 | C8: 0.3125
B9: 0.3125 | C9: 0.33333333
B10: 0.33333333 | C10: 0.35416667
B11: 0.35416667 | C11: 0.375 | E11: [GA] Otras Actividades Clínicas | G11: [GA] Otras Actividades Clínicas | H11: [GA] Colonoscopía
B12: 0.375 | C12: 0.39583333 | E12: [GA] Colonoscopía | G12: [GA] Colonoscopía | H12: [GA] Colonoscopía
B13: 0.39583333 | C13: 0.41666667 | E13: [GA] Colonoscopía | G13: [GA] Colonoscopía | H13: [GA] Colonoscopía
B14: 0.41666667 | C14: 0.4375 | E14: [GA] Colonoscopía | G14: [GA] Colonoscopía | H14: [GA] Colonoscopía
B15: 0.4375 | C15: 0.45833333 | E15: [GA] Colonoscopía | G15: [GA] Colonoscopía | H15: [GA] Colonoscopía
B16: 0.45833333 | C16: 0.47916667 | E16: [GA] Endoscopía digestiva | G16: [GA] Endoscopía digestiva | H16: [GA] Endoscopía digestiva
B17: 0.47916667 | C17: 0.5 | E17: [GA] Endoscopía digestiva | G17: [GA] Endoscopía digestiva | H17: [GA] Endoscopía digestiva
B18: 0.5 | C18: 0.52083333 | E18: [GA] Endoscopía digestiva | G18: [GA] Endoscopía digestiva | H18: [GA] Endoscopía digestiva
B19: 0.52083333 | C19: 0.54166667 | E19: Colación | G19: Colación
B20: 0.54166667 | C20: 0.5625 | E20: [GA] Otras Actividades Clínicas | G20: [GA] Otras Actividades Clínicas
B21: 0.5625 | C21: 0.58333333 | E21: [GA] Otras Actividades Clínicas | G21: [GA] Otras Actividades Clínicas
B22: 0.58333333 | C22: 0.60416667 | E22: [GA] Otras Actividades Clínicas | G22: [GA] Consulta nueva+docencia
B23: 0.60416667 | C23: 0.625 | E23: [GA] Otras Actividades Clínicas | G23: [GA] Consulta nueva+docencia
B24: 0.625 | C24: 0.64583333 | E24: [GA] Otras Actividades Clínicas | G24: [GA] Consulta nueva+docencia
B25: 0.64583333 | C25: 0.66666667 | E25: [GA] Otras Actividades Clínicas | G25: [GA] Consulta nueva+docencia
B26: 0.66666667 | C26: 0.6875 | E26: [GA] Otras Actividades Clínicas | G26: [GA] Consulta nueva+docencia
B27: 0.6875 | C27: 0.70833333 | E27: [GA] Otras Actividades Clínicas | G27: [GA] Consulta nueva
B28: 0.70833333 | C28: 0.72916667 | E28: [GA] Otras Actividades Clínicas | G28: [GA] Otras Actividades Clínicas
B29: 0.72916667 | C29: 0.75
B30: 0.75 | C30: 0.77083333
B31: 0.77083333 | C31: 0.79166667
B32: 0.79166667 | C32: 0.8125
B33: 0.8125 | C33: 0.83333333

Sheet DR
B1: Ficha de Programación
B3: Nombre: | C3: Daniela Ruiz | E3: Hrs contratadas: | F3: =SUMIF(Personal!A:A,DR!C4,Personal!D:D) -> 22
B4: RUT: | C4: =SUMIF(Personal!B:B,DR!C3,Personal!A:A) -> 369874 | E4: Hrs programadas: | F4: =COUNTA(D8:H33)*0.5 -> 22
B5: Profesión: | C5: =IFERROR(VLOOKUP(C4,Personal!A:C,3,FALSE),"-") -> Médico(a) Cirujano(a) | E5: Observación: | F5: Encargada Unidad
B7: Inicio | C7: Término | D7: Lunes | E7: Martes | F7: Miércoles | G7: Jueves | H7: Viernes
B8: 0.29166667 | C8: 0.3125
B9: 0.3125 | C9: 0.33333333
B10: 0.33333333 | C10: 0.35416667
B11: 0.35416667 | C11: 0.375 | E11: [GA] Comité Clínico | G11: [GA] Reunión Clínica | H11: [GA] Comité Clínico
B12: 0.375 | C12: 0.39583333 | E12: [GA] Comité Clínico | G12: [GA] Reunión Clínica | H12: [GA] Comité Clínico
B13: 0.39583333 | C13: 0.41666667 | E13: [GA] Comité Clínico | G13: [GA] Otras Actividades Clínicas | H13: [GA] Comité Clínico
B14: 0.41666667 | C14: 0.4375 | E14: [GA] Otras Actividades Clínicas | G14: [GA] Telemedicina: Teleconsulta Nueva | H14: [GA] Comité Clínico
B15: 0.4375 | C15: 0.45833333 | E15: [GA] Otras Actividades Clínicas | G15: [GA] Telemedicina: Teleconsulta Nueva | H15: [GA] Otras Actividades Clínicas
B16: 0.45833333 | C16: 0.47916667 | E16: [GA] Otras Actividades Clínicas | G16: [GA] Telemedicina: Teleconsulta Nueva | H16: [GA] Otras Actividades Clínicas
B17: 0.47916667 | C17: 0.5 | E17: [GA] Otras Actividades Clínicas | G17: [GA] Otras Actividades Clínicas | H17: [GA] Otras Actividades Clínicas
B18: 0.5 | C18: 0.52083333 | E18: [GA] Comité Clínico | G18: [GA] Otras Actividades Clínicas | H18: [GA] Otras Actividades Clínicas
B19: 0.52083333 | C19: 0.54166667 | E19: [GA] Comité Clínico | G19: [GA] Otras Actividades Clínicas | H19: [GA] Otras Actividades Clínicas
B20: 0.54166667 | C20: 0.5625 | D20: [GA] Comité Clínico | E20: [GA] Comité Clínico | G20: Colación | H20: Colación
B21: 0.5625 | C21: 0.58333333 | D21: [GA] Comité Clínico | E21: [GA] Comité Clínico | G21: [GA] Procedimientos especialidad | H21: [GA] Otras Actividades Clínicas
B22: 0.58333333 | C22: 0.60416667 | G22: [GA] Procedimientos especialidad | H22: [GA] Consulta nueva+docencia
B23: 0.60416667 | C23: 0.625 | F23: [GA] Procedimientos especialidad | G23: [GA] Procedimientos especialidad | H23: [GA] Consulta nueva+docencia
B24: 0.625 | C24: 0.64583333 | F24: [GA] Procedimientos especialidad | G24: [GA] Procedimientos especialidad | H24: [GA] Consulta nueva+docencia
B25: 0.64583333 | C25: 0.66666667 | H25: [GA] Consulta nueva+docencia
B26: 0.66666667 | C26: 0.6875
B27: 0.6875 | C27: 0.70833333
B28: 0.70833333 | C28: 0.72916667
B29: 0.72916667 | C29: 0.75
B30: 0.75 | C30: 0.77083333
B31: 0.77083333 | C31: 0.79166667
B32: 0.79166667 | C32: 0.8125
B33: 0.8125 | C33: 0.83333333
